ID,Club,Version,Price,League,Manufacturer,Crest,Image,,Reference Crest,Reference Image
1,Arsenal,Home,114.99,Premier League,Adidas,arsenal.png,arsenal_1.png,,https://fmslovakia.com/downloads/logopacks/retro-badges-logopack/,https://fmslovakia.com/downloads/kitpacks/fc12-season-2025-26/
2,Arsenal,Away,90,Premier League,Adidas,arsenal.png,arsenal_2.png,,https://fmslovakia.com/downloads/logopacks/retro-badges-logopack/,https://fmslovakia.com/downloads/kitpacks/fc12-season-2025-26/
3,Aston Villa,Home,100,Premier League,Adidas,aston_villa.png,aston_villa_1.png,,https://fmslovakia.com/downloads/logopacks/retro-badges-logopack/,https://fmslovakia.com/downloads/kitpacks/fc12-season-2025-26/
4,Aston Villa,Away,84.99,Premier League,Adidas,aston_villa.png,aston_villa_2.png,,https://fmslovakia.com/downloads/logopacks/retro-badges-logopack/,https://fmslovakia.com/downloads/kitpacks/fc12-season-2025-26/
5,Bournemouth,Home,94.99,Premier League,Umbro,bournemouth.png,bournemouth_1.png,,https://fmslovakia.com/downloads/logopacks/retro-badges-logopack/,https://fmslovakia.com/downloads/kitpacks/fc12-season-2025-26/
6,Bournemouth,Away,74.99,Premier League,Umbro,bournemouth.png,bournemouth_2.png,,https://fmslovakia.com/downloads/logopacks/retro-badges-logopack/,https://fmslovakia.com/downloads/kitpacks/fc12-season-2025-26/
7,Brentford,Home,90,Premier League,Joma,brentford.png,brentford_1.png,,https://fmslovakia.com/downloads/logopacks/retro-badges-logopack/,https://fmslovakia.com/downloads/kitpacks/fc12-season-2025-26/
8,Brentford,Away,69.99,Premier League,Joma,brentford.png,brentford_2.png,,https://fmslovakia.com/downloads/logopacks/retro-badges-logopack/,https://fmslovakia.com/downloads/kitpacks/fc12-season-2025-26/
9,Brighton,Home,100,Premier League,Nike,brighton.png,brighton_1.png,,https://fmslovakia.com/downloads/logopacks/retro-badges-logopack/,https://fmslovakia.com/downloads/kitpacks/fc12-season-2025-26/
10,Brighton,Away,84.99,Premier League,Nike,brighton.png,brighton_2.png,,https://fmslovakia.com/downloads/logopacks/retro-badges-logopack/,https://fmslovakia.com/downloads/kitpacks/fc12-season-2025-26/
11,Burnley,Home,90,Premier League,Castore,burnley.png,burnley_1.png,,https://fmslovakia.com/downloads/logopacks/retro-badges-logopack/,https://fmslovakia.com/downloads/kitpacks/fc12-season-2025-26/
12,Burnley,Away,70,Premier League,Castore,burnley.png,burnley_2.png,,https://fmslovakia.com/downloads/logopacks/retro-badges-logopack/,https://fmslovakia.com/downloads/kitpacks/fc12-season-2025-26/
13,Chelsea,Home,109.99,Premier League,Nike,chelsea.png,chelsea_1.png,,https://fmslovakia.com/downloads/logopacks/retro-badges-logopack/,https://fmslovakia.com/downloads/kitpacks/fc12-season-2025-26/
14,Chelsea,Away,90,Premier League,Nike,chelsea.png,chelsea_2.png,,https://fmslovakia.com/downloads/logopacks/retro-badges-logopack/,https://fmslovakia.com/downloads/kitpacks/fc12-season-2025-26/
15,Crystal Palace,Home,95,Premier League,Macron,crystal_palace.png,crystal_palace_1.png,,https://fmslovakia.com/downloads/logopacks/retro-badges-logopack/,https://fmslovakia.com/downloads/kitpacks/fc12-season-2025-26/
16,Crystal Palace,Away,75,Premier League,Macron,crystal_palace.png,crystal_palace_2.png,,https://fmslovakia.com/downloads/logopacks/retro-badges-logopack/,https://fmslovakia.com/downloads/kitpacks/fc12-season-2025-26/
17,Everton,Home,100,Premier League,Castore,everton.png,everton_1.png,,https://fmslovakia.com/downloads/logopacks/retro-badges-logopack/,https://fmslovakia.com/downloads/kitpacks/fc12-season-2025-26/
18,Everton,Away,84.99,Premier League,Castore,everton.png,everton_2.png,,https://fmslovakia.com/downloads/logopacks/retro-badges-logopack/,https://fmslovakia.com/downloads/kitpacks/fc12-season-2025-26/
19,Fulham,Home,95,Premier League,Adidas,fulham.png,fulham_1.png,,https://fmslovakia.com/downloads/logopacks/retro-badges-logopack/,https://fmslovakia.com/downloads/kitpacks/fc12-season-2025-26/
20,Fulham,Away,74.99,Premier League,Adidas,fulham.png,fulham_2.png,,https://fmslovakia.com/downloads/logopacks/retro-badges-logopack/,https://fmslovakia.com/downloads/kitpacks/fc12-season-2025-26/
21,Leeds,Home,90,Premier League,Adidas,leeds.png,leeds_1.png,,https://fmslovakia.com/downloads/logopacks/retro-badges-logopack/,https://fmslovakia.com/downloads/kitpacks/fc12-season-2025-26/
22,Leeds,Away,69.99,Premier League,Adidas,leeds.png,leeds_2.png,,https://fmslovakia.com/downloads/logopacks/retro-badges-logopack/,https://fmslovakia.com/downloads/kitpacks/fc12-season-2025-26/
23,Liverpool,Home,110,Premier League,Adidas,liverpool.png,liverpool_1.png,,https://fmslovakia.com/downloads/logopacks/retro-badges-logopack/,https://fmslovakia.com/downloads/kitpacks/fc12-season-2025-26/
24,Liverpool,Away,90,Premier League,Adidas,liverpool.png,liverpool_2.png,,https://fmslovakia.com/downloads/logopacks/retro-badges-logopack/,https://fmslovakia.com/downloads/kitpacks/fc12-season-2025-26/
25,Manchester City,Home,114.99,Premier League,Puma,man_city.png,man_city_1.png,,https://fmslovakia.com/downloads/logopacks/retro-badges-logopack/,https://fmslovakia.com/downloads/kitpacks/fc12-season-2025-26/
26,Manchester City,Away,90,Premier League,Puma,man_city.png,man_city_2.png,,https://fmslovakia.com/downloads/logopacks/retro-badges-logopack/,https://fmslovakia.com/downloads/kitpacks/fc12-season-2025-26/
27,Manchester United,Home,115,Premier League,Adidas,man_utd.png,manunited_1.png,,https://fmslovakia.com/downloads/logopacks/retro-badges-logopack/,https://fmslovakia.com/downloads/kitpacks/fc12-season-2025-26/
28,Manchester United,Away,89.99,Premier League,Adidas,man_utd.png,manunited_2.png,,https://fmslovakia.com/downloads/logopacks/retro-badges-logopack/,https://fmslovakia.com/downloads/kitpacks/fc12-season-2025-26/
29,Newcastle,Home,99.99,Premier League,Adidas,newcastle.png,newcastle_1.png,,https://fmslovakia.com/downloads/logopacks/retro-badges-logopack/,https://fmslovakia.com/downloads/kitpacks/fc12-season-2025-26/
30,Newcastle,Away,85,Premier League,Adidas,newcastle.png,newcastle_2.png,,https://fmslovakia.com/downloads/logopacks/retro-badges-logopack/,https://fmslovakia.com/downloads/kitpacks/fc12-season-2025-26/
31,Nottingham Forest,Home,94.99,Premier League,Adidas,forest.png,forest_1.png,,https://fmslovakia.com/downloads/logopacks/retro-badges-logopack/,https://fmslovakia.com/downloads/kitpacks/fc12-season-2025-26/
32,Nottingham Forest,Away,74.99,Premier League,Adidas,forest.png,forest_2.png,,https://fmslovakia.com/downloads/logopacks/retro-badges-logopack/,https://fmslovakia.com/downloads/kitpacks/fc12-season-2025-26/
33,Sunderland,Home,90,Premier League,Hummel,sunderland.png,sunderland_1.png,,https://fmslovakia.com/downloads/logopacks/retro-badges-logopack/,https://fmslovakia.com/downloads/kitpacks/fc12-season-2025-26/
34,Sunderland,Away,69.99,Premier League,Hummel,sunderland.png,sunderland_2.png,,https://fmslovakia.com/downloads/logopacks/retro-badges-logopack/,https://fmslovakia.com/downloads/kitpacks/fc12-season-2025-26/
35,Tottenham,Home,109.99,Premier League,Nike,spurs.png,tottenham_1.png,,https://fmslovakia.com/downloads/logopacks/retro-badges-logopack/,https://fmslovakia.com/downloads/kitpacks/fc12-season-2025-26/
36,Tottenham,Away,89.99,Premier League,Nike,spurs.png,tottenham_2.png,,https://fmslovakia.com/downloads/logopacks/retro-badges-logopack/,https://fmslovakia.com/downloads/kitpacks/fc12-season-2025-26/
37,West Ham,Home,95,Premier League,Umbro,west_ham.png,west_ham_1.png,,https://fmslovakia.com/downloads/logopacks/retro-badges-logopack/,https://fmslovakia.com/downloads/kitpacks/fc12-season-2025-26/
38,West Ham,Away,74.99,Premier League,Umbro,west_ham.png,west_ham_2.png,,https://fmslovakia.com/downloads/logopacks/retro-badges-logopack/,https://fmslovakia.com/downloads/kitpacks/fc12-season-2025-26/
39,Wolves,Home,90,Premier League,SUDU,wolves.png,wolves_1.png,,https://fmslovakia.com/downloads/logopacks/retro-badges-logopack/,https://fmslovakia.com/downloads/kitpacks/fc12-season-2025-26/
40,Wolves,Away,70,Premier League,SUDU,wolves.png,wolves_2.png,,https://fmslovakia.com/downloads/logopacks/retro-badges-logopack/,https://fmslovakia.com/downloads/kitpacks/fc12-season-2025-26/
41,Alavés,Home,64.99,La Liga,Puma,alaves.png,alaves1.png,,https://fmslovakia.com/downloads/logopacks/retro-badges-logopack/,https://fmslovakia.com/downloads/kitpacks/fc12-season-2025-26/
42,Alavés,Away,54.99,La Liga,Puma,alaves.png,alaves2.png,,https://fmslovakia.com/downloads/logopacks/retro-badges-logopack/,https://fmslovakia.com/downloads/kitpacks/fc12-season-2025-26/
43,Athletic Club,Home,75,La Liga,Castore,athletic.png,athletic_bilbao1.png,,https://fmslovakia.com/downloads/logopacks/retro-badges-logopack/,https://fmslovakia.com/downloads/kitpacks/fc12-season-2025-26/
44,Athletic Club,Away,70,La Liga,Castore,athletic.png,athletic_bilbao2.png,,https://fmslovakia.com/downloads/logopacks/retro-badges-logopack/,https://fmslovakia.com/downloads/kitpacks/fc12-season-2025-26/
45,Atlético Madrid,Home,99.99,La Liga,Nike,atletico_madrid.png,atletico_madrid1.png,,https://fmslovakia.com/downloads/logopacks/retro-badges-logopack/,https://fmslovakia.com/downloads/kitpacks/fc12-season-2025-26/
46,Atlético Madrid,Away,89.99,La Liga,Nike,atletico_madrid.png,atletico_madrid2.png,,https://fmslovakia.com/downloads/logopacks/retro-badges-logopack/,https://fmslovakia.com/downloads/kitpacks/fc12-season-2025-26/
47,Barcelona,Home,119.99,La Liga,Nike,barcelona.png,barcelona1.png,,https://fmslovakia.com/downloads/logopacks/retro-badges-logopack/,https://fmslovakia.com/downloads/kitpacks/fc12-season-2025-26/
48,Barcelona,Away,109.99,La Liga,Nike,barcelona.png,barcelona2.png,,https://fmslovakia.com/downloads/logopacks/retro-badges-logopack/,https://fmslovakia.com/downloads/kitpacks/fc12-season-2025-26/
49,Celta Vigo,Home,70,La Liga,Hummel,celta_vigo.png,celta1.png,,https://fmslovakia.com/downloads/logopacks/retro-badges-logopack/,https://fmslovakia.com/downloads/kitpacks/fc12-season-2025-26/
50,Celta Vigo,Away,65,La Liga,Hummel,celta_vigo.png,celta2.png,,https://fmslovakia.com/downloads/logopacks/retro-badges-logopack/,https://fmslovakia.com/downloads/kitpacks/fc12-season-2025-26/
51,Elche,Home,55,La Liga,Nike,elche.png,elche1.png,,https://fmslovakia.com/downloads/logopacks/retro-badges-logopack/,https://fmslovakia.com/downloads/kitpacks/fc12-season-2025-26/
52,Elche,Away,50,La Liga,Nike,elche.png,elche2.png,,https://fmslovakia.com/downloads/logopacks/retro-badges-logopack/,https://fmslovakia.com/downloads/kitpacks/fc12-season-2025-26/
53,Espanyol,Home,70,La Liga,Kelme,espanyol.png,espanol1.png,,https://fmslovakia.com/downloads/logopacks/retro-badges-logopack/,https://fmslovakia.com/downloads/kitpacks/fc12-season-2025-26/
54,Espanyol,Away,59.99,La Liga,Kelme,espanyol.png,espanol2.png,,https://fmslovakia.com/downloads/logopacks/retro-badges-logopack/,https://fmslovakia.com/downloads/kitpacks/fc12-season-2025-26/
55,Getafe,Home,65,La Liga,Joma,getafe.png,getafe1.png,,https://fmslovakia.com/downloads/logopacks/retro-badges-logopack/,https://fmslovakia.com/downloads/kitpacks/fc12-season-2025-26/
56,Getafe,Away,60,La Liga,Joma,getafe.png,getafe2.png,,https://fmslovakia.com/downloads/logopacks/retro-badges-logopack/,https://fmslovakia.com/downloads/kitpacks/fc12-season-2025-26/
57,Girona,Home,69.99,La Liga,Puma,girona.png,girona1.png,,https://fmslovakia.com/downloads/logopacks/retro-badges-logopack/,https://fmslovakia.com/downloads/kitpacks/fc12-season-2025-26/
58,Girona,Away,59.99,La Liga,Puma,girona.png,girona2.png,,https://fmslovakia.com/downloads/logopacks/retro-badges-logopack/,https://fmslovakia.com/downloads/kitpacks/fc12-season-2025-26/
59,Levante,Home,65,La Liga,Macron,levante.png,levante1.png,,https://fmslovakia.com/downloads/logopacks/retro-badges-logopack/,https://fmslovakia.com/downloads/kitpacks/fc12-season-2025-26/
60,Levante,Away,60,La Liga,Macron,levante.png,levante2.png,,https://fmslovakia.com/downloads/logopacks/retro-badges-logopack/,https://fmslovakia.com/downloads/kitpacks/fc12-season-2025-26/
61,Mallorca,Home,65,La Liga,Nike,mallorca.png,mallorca1.png,,https://fmslovakia.com/downloads/logopacks/retro-badges-logopack/,https://fmslovakia.com/downloads/kitpacks/fc12-season-2025-26/
62,Mallorca,Away,59.99,La Liga,Nike,mallorca.png,mallorca2.png,,https://fmslovakia.com/downloads/logopacks/retro-badges-logopack/,https://fmslovakia.com/downloads/kitpacks/fc12-season-2025-26/
63,Osasuna,Home,70,La Liga,Macron,osasuna.png,osasuna1.png,,https://fmslovakia.com/downloads/logopacks/retro-badges-logopack/,https://fmslovakia.com/downloads/kitpacks/fc12-season-2025-26/
64,Osasuna,Away,59.99,La Liga,Macron,osasuna.png,osasuna2.png,,https://fmslovakia.com/downloads/logopacks/retro-badges-logopack/,https://fmslovakia.com/downloads/kitpacks/fc12-season-2025-26/
65,Rayo Vallecano,Home,70,La Liga,Macron,rayo_vallecano.png,rayo_vallecano1.png,,https://fmslovakia.com/downloads/logopacks/retro-badges-logopack/,https://fmslovakia.com/downloads/kitpacks/fc12-season-2025-26/
66,Rayo Vallecano,Away,60,La Liga,Macron,rayo_vallecano.png,rayo_vallecano2.png,,https://fmslovakia.com/downloads/logopacks/retro-badges-logopack/,https://fmslovakia.com/downloads/kitpacks/fc12-season-2025-26/
67,Real Betis,Home,75,La Liga,Hummel,betis.png,betis1.png,,https://fmslovakia.com/downloads/logopacks/retro-badges-logopack/,https://fmslovakia.com/downloads/kitpacks/fc12-season-2025-26/
68,Real Betis,Away,64.99,La Liga,Hummel,betis.png,betis2.png,,https://fmslovakia.com/downloads/logopacks/retro-badges-logopack/,https://fmslovakia.com/downloads/kitpacks/fc12-season-2025-26/
69,Real Madrid,Home,119.99,La Liga,Adidas,madrid.png,real_madrid1.png,,https://fmslovakia.com/downloads/logopacks/retro-badges-logopack/,https://fmslovakia.com/downloads/kitpacks/fc12-season-2025-26/
70,Real Madrid,Away,115,La Liga,Adidas,madrid.png,real_madrid2.png,,https://fmslovakia.com/downloads/logopacks/retro-badges-logopack/,https://fmslovakia.com/downloads/kitpacks/fc12-season-2025-26/
71,Real Oviedo,Home,65,La Liga,Adidas,oviedo.png,oviedo1.png,,https://fmslovakia.com/downloads/logopacks/retro-badges-logopack/,https://fmslovakia.com/downloads/kitpacks/fc12-season-2025-26/
72,Real Oviedo,Away,55,La Liga,Adidas,oviedo.png,oviedo2.png,,https://fmslovakia.com/downloads/logopacks/retro-badges-logopack/,https://fmslovakia.com/downloads/kitpacks/fc12-season-2025-26/
73,Real Sociedad,Home,75,La Liga,Macron,sociedad.png,real_sociedad1.png,,https://fmslovakia.com/downloads/logopacks/retro-badges-logopack/,https://fmslovakia.com/downloads/kitpacks/fc12-season-2025-26/
74,Real Sociedad,Away,60,La Liga,Macron,sociedad.png,real_sociedad2.png,,https://fmslovakia.com/downloads/logopacks/retro-badges-logopack/,https://fmslovakia.com/downloads/kitpacks/fc12-season-2025-26/
75,Sevilla,Home,99.99,La Liga,Adidas,sevilla.png,sevilla1.png,,https://fmslovakia.com/downloads/logopacks/retro-badges-logopack/,https://fmslovakia.com/downloads/kitpacks/fc12-season-2025-26/
76,Sevilla,Away,85,La Liga,Adidas,sevilla.png,sevilla2.png,,https://fmslovakia.com/downloads/logopacks/retro-badges-logopack/,https://fmslovakia.com/downloads/kitpacks/fc12-season-2025-26/
77,Valencia,Home,99.99,La Liga,Puma,valencia.png,valencia1.png,,https://fmslovakia.com/downloads/logopacks/retro-badges-logopack/,https://fmslovakia.com/downloads/kitpacks/fc12-season-2025-26/
78,Valencia,Away,89.99,La Liga,Puma,valencia.png,valencia2.png,,https://fmslovakia.com/downloads/logopacks/retro-badges-logopack/,https://fmslovakia.com/downloads/kitpacks/fc12-season-2025-26/
79,Villarreal,Home,70,La Liga,Joma,villarreal.png,villarreal1.png,,https://fmslovakia.com/downloads/logopacks/retro-badges-logopack/,https://fmslovakia.com/downloads/kitpacks/fc12-season-2025-26/
80,Villarreal,Away,59.99,La Liga,Joma,villarreal.png,villarreal2.png,,https://fmslovakia.com/downloads/logopacks/retro-badges-logopack/,https://fmslovakia.com/downloads/kitpacks/fc12-season-2025-26/
81,FC Heidenheim 1846,Home,84.99,Bundesliga,Puma,heidenheim.png,heidenheim_1.png,,https://fmslovakia.com/downloads/logopacks/retro-badges-logopack/,https://fmslovakia.com/downloads/kitpacks/fc12-season-2025-26/
82,FC Heidenheim 1846,Away,74.95,Bundesliga,Puma,heidenheim.png,heidenheim_2.png,,https://fmslovakia.com/downloads/logopacks/retro-badges-logopack/,https://fmslovakia.com/downloads/kitpacks/fc12-season-2025-26/
83,FC Union Berlin,Home,94.95,Bundesliga,Adidas,union_berlin.png,union_berlin_1.png,,https://fmslovakia.com/downloads/logopacks/retro-badges-logopack/,https://fmslovakia.com/downloads/kitpacks/fc12-season-2025-26/
84,FC Union Berlin,Away,74.95,Bundesliga,Adidas,union_berlin.png,union_berlin_2.png,,https://fmslovakia.com/downloads/logopacks/retro-badges-logopack/,https://fmslovakia.com/downloads/kitpacks/fc12-season-2025-26/
85,Bayer 04 Leverkusen,Home,89.95,Bundesliga,New Balance,leverkusen.png,leverkusen_1.png,,https://fmslovakia.com/downloads/logopacks/retro-badges-logopack/,https://fmslovakia.com/downloads/kitpacks/fc12-season-2025-26/
86,Bayer 04 Leverkusen,Away,84.99,Bundesliga,New Balance,leverkusen.png,leverkusen_2.png,,https://fmslovakia.com/downloads/logopacks/retro-badges-logopack/,https://fmslovakia.com/downloads/kitpacks/fc12-season-2025-26/
87,Bayern Munich,Home,100,Bundesliga,Adidas,bayern_munich.png,bayern_1.png,,https://fmslovakia.com/downloads/logopacks/retro-badges-logopack/,https://fmslovakia.com/downloads/kitpacks/fc12-season-2025-26/
88,Bayern Munich,Away,89.99,Bundesliga,Adidas,bayern_munich.png,bayern_2.png,,https://fmslovakia.com/downloads/logopacks/retro-badges-logopack/,https://fmslovakia.com/downloads/kitpacks/fc12-season-2025-26/
89,Borussia Dortmund,Home,100,Bundesliga,Puma,dortmund.png,dortmund_1.png,,https://fmslovakia.com/downloads/logopacks/retro-badges-logopack/,https://fmslovakia.com/downloads/kitpacks/fc12-season-2025-26/
90,Borussia Dortmund,Away,84.99,Bundesliga,Puma,dortmund.png,dortmund_2.png,,https://fmslovakia.com/downloads/logopacks/retro-badges-logopack/,https://fmslovakia.com/downloads/kitpacks/fc12-season-2025-26/
91,Borussia Mönchengladbach ,Home,89.95,Bundesliga,Puma,borussia_gladbach.png,borussia_gladbach_1.png,,https://fmslovakia.com/downloads/logopacks/retro-badges-logopack/,https://fmslovakia.com/downloads/kitpacks/fc12-season-2025-26/
92,Borussia Mönchengladbach ,Away,69.95,Bundesliga,Puma,borussia_gladbach.png,borussia_gladbach_2.png,,https://fmslovakia.com/downloads/logopacks/retro-badges-logopack/,https://fmslovakia.com/downloads/kitpacks/fc12-season-2025-26/
93,Eintracht Frankfurt,Home,99.99,Bundesliga,Adidas,eintracht_frankfurt.png,eintracht_frankfurt_1.png,,https://fmslovakia.com/downloads/logopacks/retro-badges-logopack/,https://fmslovakia.com/downloads/kitpacks/fc12-season-2025-26/
94,Eintracht Frankfurt,Away,74.99,Bundesliga,Adidas,eintracht_frankfurt.png,eintracht_frankfurt_2.png,,https://fmslovakia.com/downloads/logopacks/retro-badges-logopack/,https://fmslovakia.com/downloads/kitpacks/fc12-season-2025-26/
95,FC Augsburg,Home,89.95,Bundesliga,Mizuno,augsburg.png,augsburg_1.png,,https://fmslovakia.com/downloads/logopacks/retro-badges-logopack/,https://fmslovakia.com/downloads/kitpacks/fc12-season-2025-26/
96,FC Augsburg,Away,69.99,Bundesliga,Mizuno,augsburg.png,augsburg_2.png,,https://fmslovakia.com/downloads/logopacks/retro-badges-logopack/,https://fmslovakia.com/downloads/kitpacks/fc12-season-2025-26/
97,FC Cologne,Home,99.95,Bundesliga,Hummel,cologne.png,koln_1.png,,https://fmslovakia.com/downloads/logopacks/retro-badges-logopack/,https://fmslovakia.com/downloads/kitpacks/fc12-season-2025-26/
98,FC Cologne,Away,80,Bundesliga,Hummel,cologne.png,koln_2.png,,https://fmslovakia.com/downloads/logopacks/retro-badges-logopack/,https://fmslovakia.com/downloads/kitpacks/fc12-season-2025-26/
99,Hamburg SV,Home,94.99,Bundesliga,Adidas,hamburg.png,hsv_1.png,,https://fmslovakia.com/downloads/logopacks/retro-badges-logopack/,https://fmslovakia.com/downloads/kitpacks/fc12-season-2025-26/
100,Hamburg SV,Away,79.95,Bundesliga,Adidas,hamburg.png,hsv_2.png,,https://fmslovakia.com/downloads/logopacks/retro-badges-logopack/,https://fmslovakia.com/downloads/kitpacks/fc12-season-2025-26/
101,FSV Mainz 05,Home,84.99,Bundesliga,Jako,mainz.png,mainz_1.png,,https://fmslovakia.com/downloads/logopacks/retro-badges-logopack/,https://fmslovakia.com/downloads/kitpacks/fc12-season-2025-26/
102,FSV Mainz 05,Away,64.95,Bundesliga,Jako,mainz.png,mainz_2.png,,https://fmslovakia.com/downloads/logopacks/retro-badges-logopack/,https://fmslovakia.com/downloads/kitpacks/fc12-season-2025-26/
103,RB Leipzig,Home,95,Bundesliga,Puma,rb_leipzig.png,rb_leipzig_1.png,,https://fmslovakia.com/downloads/logopacks/retro-badges-logopack/,https://fmslovakia.com/downloads/kitpacks/fc12-season-2025-26/
104,RB Leipzig,Away,74.99,Bundesliga,Puma,rb_leipzig.png,rb_leipzig_2.png,,https://fmslovakia.com/downloads/logopacks/retro-badges-logopack/,https://fmslovakia.com/downloads/kitpacks/fc12-season-2025-26/
105,SC Freiburg,Home,85,Bundesliga,Nike,freiburg.png,freiburg_1.png,,https://fmslovakia.com/downloads/logopacks/retro-badges-logopack/,https://fmslovakia.com/downloads/kitpacks/fc12-season-2025-26/
106,SC Freiburg,Away,70,Bundesliga,Nike,freiburg.png,freiburg_2.png,,https://fmslovakia.com/downloads/logopacks/retro-badges-logopack/,https://fmslovakia.com/downloads/kitpacks/fc12-season-2025-26/
107,St. Pauli,Home,79.95,Bundesliga,Puma,st_pauli.png,st_pauli_1.png,,https://fmslovakia.com/downloads/logopacks/retro-badges-logopack/,https://fmslovakia.com/downloads/kitpacks/fc12-season-2025-26/
108,St. Pauli,Away,59.95,Bundesliga,Puma,st_pauli.png,st_pauli_2.png,,https://fmslovakia.com/downloads/logopacks/retro-badges-logopack/,https://fmslovakia.com/downloads/kitpacks/fc12-season-2025-26/
109,TSG Hoffenheim,Home,79.95,Bundesliga,Joma,hoffenheim.png,hoffenheim_1.png,,https://fmslovakia.com/downloads/logopacks/retro-badges-logopack/,https://fmslovakia.com/downloads/kitpacks/fc12-season-2025-26/
110,TSG Hoffenheim,Away,64.99,Bundesliga,Joma,hoffenheim.png,hoffenheim_2.png,,https://fmslovakia.com/downloads/logopacks/retro-badges-logopack/,https://fmslovakia.com/downloads/kitpacks/fc12-season-2025-26/
111,VfB Stuttgart,Home,80,Bundesliga,Jako,stuttgart.png,stuttgart_1.png,,https://fmslovakia.com/downloads/logopacks/retro-badges-logopack/,https://fmslovakia.com/downloads/kitpacks/fc12-season-2025-26/
112,VfB Stuttgart,Away,63.99,Bundesliga,Jako,stuttgart.png,stuttgart_2.png,,https://fmslovakia.com/downloads/logopacks/retro-badges-logopack/,https://fmslovakia.com/downloads/kitpacks/fc12-season-2025-26/
113,VfL Wolfsburg,Home,90,Bundesliga,Nike,"wolfsburg,png",wolfsburg_1.png,,https://fmslovakia.com/downloads/logopacks/retro-badges-logopack/,https://fmslovakia.com/downloads/kitpacks/fc12-season-2025-26/
114,VfL Wolfsburg,Away,69.99,Bundesliga,Nike,"wolfsburg,png",wolfsburg_2.png,,https://fmslovakia.com/downloads/logopacks/retro-badges-logopack/,https://fmslovakia.com/downloads/kitpacks/fc12-season-2025-26/
115,Werder Bremen ,Home,70,Bundesliga,Hummel,werder_bremen.png,werder_bremen_1.png,,https://fmslovakia.com/downloads/logopacks/retro-badges-logopack/,https://fmslovakia.com/downloads/kitpacks/fc12-season-2025-26/
116,Werder Bremen ,Away,64.95,Bundesliga,Hummel,werder_bremen.png,werder_bremen_2.png,,https://fmslovakia.com/downloads/logopacks/retro-badges-logopack/,https://fmslovakia.com/downloads/kitpacks/fc12-season-2025-26/
117,Bohemians,Home,54.99,League of Ireland,O’Neill’s,bohemians.png,bohemian1.png,,https://fmslovakia.com/downloads/logopacks/retro-badges-logopack/,https://fmslovakia.com/downloads/kitpacks/fc12-season-2025-26/
118,Bohemians,Away,45,League of Ireland,O’Neill’s,bohemians.png,bohemian2.png,,https://fmslovakia.com/downloads/logopacks/retro-badges-logopack/,https://fmslovakia.com/downloads/kitpacks/fc12-season-2025-26/
119,Derry City,Home,54.99,League of Ireland,O’Neill’s,derry_city.png,derrycity1.png,,https://fmslovakia.com/downloads/logopacks/retro-badges-logopack/,https://fmslovakia.com/downloads/kitpacks/fc12-season-2025-26/
120,Derry City,Away,45,League of Ireland,O’Neill’s,derry_city.png,derrycity2.png,,https://fmslovakia.com/downloads/logopacks/retro-badges-logopack/,https://fmslovakia.com/downloads/kitpacks/fc12-season-2025-26/
121,Drogheda United,Home,54.99,League of Ireland,Macron,drogheda.png,drogheda1.png,,https://fmslovakia.com/downloads/logopacks/retro-badges-logopack/,https://fmslovakia.com/downloads/kitpacks/fc12-season-2025-26/
122,Drogheda United,Away,45,League of Ireland,Macron,drogheda.png,drogheda2.png,,https://fmslovakia.com/downloads/logopacks/retro-badges-logopack/,https://fmslovakia.com/downloads/kitpacks/fc12-season-2025-26/
123,Dundalk,Home,54.99,League of Ireland,Macron,dundalk.png,dundalk1.png,,https://fmslovakia.com/downloads/logopacks/retro-badges-logopack/,https://fmslovakia.com/downloads/kitpacks/fc12-season-2025-26/
124,Dundalk,Away,45,League of Ireland,Macron,dundalk.png,dundalk2.png,,https://fmslovakia.com/downloads/logopacks/retro-badges-logopack/,https://fmslovakia.com/downloads/kitpacks/fc12-season-2025-26/
125,Galway United,Home,54.99,League of Ireland,O’Neill’s,galway.png,galway1.png,,https://fmslovakia.com/downloads/logopacks/retro-badges-logopack/,https://fmslovakia.com/downloads/kitpacks/fc12-season-2025-26/
126,Galway United,Away,45,League of Ireland,O’Neill’s,galway.png,galway2.png,,https://fmslovakia.com/downloads/logopacks/retro-badges-logopack/,https://fmslovakia.com/downloads/kitpacks/fc12-season-2025-26/
127,Shamrock Rovers,Home,54.99,League of Ireland,Macron,shamrock.png,shamrock1.png,,https://fmslovakia.com/downloads/logopacks/retro-badges-logopack/,https://fmslovakia.com/downloads/kitpacks/fc12-season-2025-26/
128,Shamrock Rovers,Away,45,League of Ireland,Macron,shamrock.png,shamrock2.png,,https://fmslovakia.com/downloads/logopacks/retro-badges-logopack/,https://fmslovakia.com/downloads/kitpacks/fc12-season-2025-26/
129,Shelbourne,Home,54.99,League of Ireland,O’Neill’s,shelbourne.png,shelbourne1.png,,https://fmslovakia.com/downloads/logopacks/retro-badges-logopack/,https://fmslovakia.com/downloads/kitpacks/fc12-season-2025-26/
130,Shelbourne,Away,45,League of Ireland,O’Neill’s,shelbourne.png,shelbourne2.png,,https://fmslovakia.com/downloads/logopacks/retro-badges-logopack/,https://fmslovakia.com/downloads/kitpacks/fc12-season-2025-26/
131,Sligo Rovers,Home,54.99,League of Ireland,Umbro,sligo.png,sligorovers1.png,,https://fmslovakia.com/downloads/logopacks/retro-badges-logopack/,https://fmslovakia.com/downloads/kitpacks/fc12-season-2025-26/
132,Sligo Rovers,Away,45,League of Ireland,Umbro,sligo.png,sligorovers2.png,,https://fmslovakia.com/downloads/logopacks/retro-badges-logopack/,https://fmslovakia.com/downloads/kitpacks/fc12-season-2025-26/
133,St. Patrick’s Athletic,Home,54.99,League of Ireland,Umbro,st_pats.png,stpatrick1.png,,https://fmslovakia.com/downloads/logopacks/retro-badges-logopack/,https://fmslovakia.com/downloads/kitpacks/fc12-season-2025-26/
134,St. Patrick’s Athletic,Away,45,League of Ireland,Umbro,st_pats.png,stpatrick2.png,,https://fmslovakia.com/downloads/logopacks/retro-badges-logopack/,https://fmslovakia.com/downloads/kitpacks/fc12-season-2025-26/
135,Waterford,Home,54.99,League of Ireland,Puma,waterford.png,waterford1.png,,https://fmslovakia.com/downloads/logopacks/retro-badges-logopack/,https://fmslovakia.com/downloads/kitpacks/fc12-season-2025-26/
136,Waterford,Away,45,League of Ireland,Puma,waterford.png,waterford2.png,,https://fmslovakia.com/downloads/logopacks/retro-badges-logopack/,https://fmslovakia.com/downloads/kitpacks/fc12-season-2025-26/
137,AJ Auxerre ,Home,69.99,Ligue 1,Macron,auxerre.png,auxerre_1.png,,https://fmslovakia.com/downloads/logopacks/retro-badges-logopack/,https://fmslovakia.com/downloads/kitpacks/fc12-season-2025-26/
138,AJ Auxerre ,Away,59.99,Ligue 1,Macron,auxerre.png,auxerre_2.png,,https://fmslovakia.com/downloads/logopacks/retro-badges-logopack/,https://fmslovakia.com/downloads/kitpacks/fc12-season-2025-26/
139,AS Monaco,Home,89.99,Ligue 1,Mizuno,monaco.png,monaco_1.png,,https://fmslovakia.com/downloads/logopacks/retro-badges-logopack/,https://fmslovakia.com/downloads/kitpacks/fc12-season-2025-26/
140,AS Monaco,Away,84.99,Ligue 1,Mizuno,monaco.png,monaco_2.png,,https://fmslovakia.com/downloads/logopacks/retro-badges-logopack/,https://fmslovakia.com/downloads/kitpacks/fc12-season-2025-26/
141,Angers,Home,70,Ligue 1,Nike,angers.png,angers_1.png,,https://fmslovakia.com/downloads/logopacks/retro-badges-logopack/,https://fmslovakia.com/downloads/kitpacks/fc12-season-2025-26/
142,Angers,Away,65,Ligue 1,Nike,angers.png,angers_2.png,,https://fmslovakia.com/downloads/logopacks/retro-badges-logopack/,https://fmslovakia.com/downloads/kitpacks/fc12-season-2025-26/
143,Brest,Home,70,Ligue 1,Adidas,brest.png,brest_1.png,,https://fmslovakia.com/downloads/logopacks/retro-badges-logopack/,https://fmslovakia.com/downloads/kitpacks/fc12-season-2025-26/
144,Brest,Away,65,Ligue 1,Adidas,brest.png,brest_2.png,,https://fmslovakia.com/downloads/logopacks/retro-badges-logopack/,https://fmslovakia.com/downloads/kitpacks/fc12-season-2025-26/
145,Le Harve AC,Home,69.99,Ligue 1,Umbro,harve.png,havre_1.png,,https://fmslovakia.com/downloads/logopacks/retro-badges-logopack/,https://fmslovakia.com/downloads/kitpacks/fc12-season-2025-26/
146,Le Harve AC,Away,59.99,Ligue 1,Umbro,harve.png,havre_2.png,,https://fmslovakia.com/downloads/logopacks/retro-badges-logopack/,https://fmslovakia.com/downloads/kitpacks/fc12-season-2025-26/
147,Lens,Home,64.99,Ligue 1,Puma,lens.png,lens_1.png,,https://fmslovakia.com/downloads/logopacks/retro-badges-logopack/,https://fmslovakia.com/downloads/kitpacks/fc12-season-2025-26/
148,Lens,Away,60,Ligue 1,Puma,lens.png,lens_2.png,,https://fmslovakia.com/downloads/logopacks/retro-badges-logopack/,https://fmslovakia.com/downloads/kitpacks/fc12-season-2025-26/
149,Lille,Home,75,Ligue 1,New Balance,lille.png,lille_1.png,,https://fmslovakia.com/downloads/logopacks/retro-badges-logopack/,https://fmslovakia.com/downloads/kitpacks/fc12-season-2025-26/
150,Lille,Away,69.99,Ligue 1,New Balance,lille.png,lille_2.png,,https://fmslovakia.com/downloads/logopacks/retro-badges-logopack/,https://fmslovakia.com/downloads/kitpacks/fc12-season-2025-26/
151,Lorient,Home,64.99,Ligue 1,Joma,lorient.png,lorient_1.png,,https://fmslovakia.com/downloads/logopacks/retro-badges-logopack/,https://fmslovakia.com/downloads/kitpacks/fc12-season-2025-26/
152,Lorient,Away,60,Ligue 1,Joma,lorient.png,lorient_2.png,,https://fmslovakia.com/downloads/logopacks/retro-badges-logopack/,https://fmslovakia.com/downloads/kitpacks/fc12-season-2025-26/
153,Lyon,Home,89.99,Ligue 1,Adidas,lyon.psg,lyon_1.png,,https://fmslovakia.com/downloads/logopacks/retro-badges-logopack/,https://fmslovakia.com/downloads/kitpacks/fc12-season-2025-26/
154,Lyon,Away,84.99,Ligue 1,Adidas,lyon.psg,lyon_2.png,,https://fmslovakia.com/downloads/logopacks/retro-badges-logopack/,https://fmslovakia.com/downloads/kitpacks/fc12-season-2025-26/
155,Marseille,Home,89.99,Ligue 1,Puma,marseille.png,olympique_marseille_1.png,,https://fmslovakia.com/downloads/logopacks/retro-badges-logopack/,https://fmslovakia.com/downloads/kitpacks/fc12-season-2025-26/
156,Marseille,Away,84.99,Ligue 1,Puma,marseille.png,olympique_marseille_2.png,,https://fmslovakia.com/downloads/logopacks/retro-badges-logopack/,https://fmslovakia.com/downloads/kitpacks/fc12-season-2025-26/
157,Metz,Home,64.99,Ligue 1,Kappa,metz.png,metz_1.png,,https://fmslovakia.com/downloads/logopacks/retro-badges-logopack/,https://fmslovakia.com/downloads/kitpacks/fc12-season-2025-26/
158,Metz,Away,60,Ligue 1,Kappa,metz.png,metz_2.png,,https://fmslovakia.com/downloads/logopacks/retro-badges-logopack/,https://fmslovakia.com/downloads/kitpacks/fc12-season-2025-26/
159,Nantes,Home,75,Ligue 1,Macron,nantes.png,nantes_1.png,,https://fmslovakia.com/downloads/logopacks/retro-badges-logopack/,https://fmslovakia.com/downloads/kitpacks/fc12-season-2025-26/
160,Nantes,Away,69.99,Ligue 1,Macron,nantes.png,nantes_2.png,,https://fmslovakia.com/downloads/logopacks/retro-badges-logopack/,https://fmslovakia.com/downloads/kitpacks/fc12-season-2025-26/
161,Nice,Home,75,Ligue 1,Kappa,nice.png,nice_1.png,,https://fmslovakia.com/downloads/logopacks/retro-badges-logopack/,https://fmslovakia.com/downloads/kitpacks/fc12-season-2025-26/
162,Nice,Away,69.99,Ligue 1,Kappa,nice.png,nice_2.png,,https://fmslovakia.com/downloads/logopacks/retro-badges-logopack/,https://fmslovakia.com/downloads/kitpacks/fc12-season-2025-26/
163,Paris FC,Home,84.99,Ligue 1,Adidas,paris.png,paris_1.png,,https://fmslovakia.com/downloads/logopacks/retro-badges-logopack/,https://fmslovakia.com/downloads/kitpacks/fc12-season-2025-26/
164,Paris FC,Away,64.99,Ligue 1,Adidas,paris.png,paris_2.png,,https://fmslovakia.com/downloads/logopacks/retro-badges-logopack/,https://fmslovakia.com/downloads/kitpacks/fc12-season-2025-26/
165,Paris Saint-Germain,Home,100,Ligue 1,Nike,psg.png,psg_1.png,,https://fmslovakia.com/downloads/logopacks/retro-badges-logopack/,https://fmslovakia.com/downloads/kitpacks/fc12-season-2025-26/
166,Paris Saint-Germain,Away,94.99,Ligue 1,Nike,psg.png,psg_2.png,,https://fmslovakia.com/downloads/logopacks/retro-badges-logopack/,https://fmslovakia.com/downloads/kitpacks/fc12-season-2025-26/
167,Stade Rennais,Home,75,Ligue 1,Puma,rennais.png,rennes_1.png,,https://fmslovakia.com/downloads/logopacks/retro-badges-logopack/,https://fmslovakia.com/downloads/kitpacks/fc12-season-2025-26/
168,Stade Rennais,Away,69.99,Ligue 1,Puma,rennais.png,rennes_2.png,,https://fmslovakia.com/downloads/logopacks/retro-badges-logopack/,https://fmslovakia.com/downloads/kitpacks/fc12-season-2025-26/
169,Strasbourg,Home,64.99,Ligue 1,Adidas,strasbourg.png,strasbourg_1.png,,https://fmslovakia.com/downloads/logopacks/retro-badges-logopack/,https://fmslovakia.com/downloads/kitpacks/fc12-season-2025-26/
170,Strasbourg,Away,60,Ligue 1,Adidas,strasbourg.png,strasbourg_2.png,,https://fmslovakia.com/downloads/logopacks/retro-badges-logopack/,https://fmslovakia.com/downloads/kitpacks/fc12-season-2025-26/
171,Toulouse,Home,64.99,Ligue 1,Nike,toulouse.png,toulouse_1.png,,https://fmslovakia.com/downloads/logopacks/retro-badges-logopack/,https://fmslovakia.com/downloads/kitpacks/fc12-season-2025-26/
172,Toulouse,Away,60,Ligue 1,Nike,toulouse.png,toulouse_2.png,,https://fmslovakia.com/downloads/logopacks/retro-badges-logopack/,https://fmslovakia.com/downloads/kitpacks/fc12-season-2025-26/
173,AC Milan,Home,100,Serie A,Puma,milan.png,milan_1.png,,https://fmslovakia.com/downloads/logopacks/retro-badges-logopack/,https://fmslovakia.com/downloads/kitpacks/fc12-season-2025-26/
174,AC Milan,Away,89.99,Serie A,Puma,milan.png,milan_2.png,,https://fmslovakia.com/downloads/logopacks/retro-badges-logopack/,https://fmslovakia.com/downloads/kitpacks/fc12-season-2025-26/
175,AS Roma,Home,94.99,Serie A,Adidas,roma.png,roma_1.png,,https://fmslovakia.com/downloads/logopacks/retro-badges-logopack/,https://fmslovakia.com/downloads/kitpacks/fc12-season-2025-26/
176,AS Roma,Away,75,Serie A,Adidas,roma.png,roma_2.png,,https://fmslovakia.com/downloads/logopacks/retro-badges-logopack/,https://fmslovakia.com/downloads/kitpacks/fc12-season-2025-26/
177,Atalanta,Home,94.99,Serie A,New Balance,atalanta.png,atalanta_1.png,,https://fmslovakia.com/downloads/logopacks/retro-badges-logopack/,https://fmslovakia.com/downloads/kitpacks/fc12-season-2025-26/
178,Atalanta,Away,79.99,Serie A,New Balance,atalanta.png,atalanta_2.png,,https://fmslovakia.com/downloads/logopacks/retro-badges-logopack/,https://fmslovakia.com/downloads/kitpacks/fc12-season-2025-26/
179,Bologna,Home,84.99,Serie A,Macron,bologna.png,bologna_1.png,,https://fmslovakia.com/downloads/logopacks/retro-badges-logopack/,https://fmslovakia.com/downloads/kitpacks/fc12-season-2025-26/
180,Bologna,Away,64.99,Serie A,Macron,bologna.png,bologna_2.png,,https://fmslovakia.com/downloads/logopacks/retro-badges-logopack/,https://fmslovakia.com/downloads/kitpacks/fc12-season-2025-26/
181,Cagliari,Home,75,Serie A,Eye Sport,cagliari.png,cagliari_1.png,,https://fmslovakia.com/downloads/logopacks/retro-badges-logopack/,https://fmslovakia.com/downloads/kitpacks/fc12-season-2025-26/
182,Cagliari,Away,69.99,Serie A,Eye Sport,cagliari.png,cagliari_2.png,,https://fmslovakia.com/downloads/logopacks/retro-badges-logopack/,https://fmslovakia.com/downloads/kitpacks/fc12-season-2025-26/
183,Como,Home,75,Serie A,Adidas,como.png,como_1.png,,https://fmslovakia.com/downloads/logopacks/retro-badges-logopack/,https://fmslovakia.com/downloads/kitpacks/fc12-season-2025-26/
184,Como,Away,69.99,Serie A,Adidas,como.png,como_2.png,,https://fmslovakia.com/downloads/logopacks/retro-badges-logopack/,https://fmslovakia.com/downloads/kitpacks/fc12-season-2025-26/
185,Cremonese,Home,64.99,Serie A,Acerbis,cremonese.png,cremonese_1.png,,https://fmslovakia.com/downloads/logopacks/retro-badges-logopack/,https://fmslovakia.com/downloads/kitpacks/fc12-season-2025-26/
186,Cremonese,Away,60,Serie A,Acerbis,cremonese.png,cremonese_2.png,,https://fmslovakia.com/downloads/logopacks/retro-badges-logopack/,https://fmslovakia.com/downloads/kitpacks/fc12-season-2025-26/
187,Fiorentina,Home,84.99,Serie A,Kappa,fiorentina.png,fiorentina_1.png,,https://fmslovakia.com/downloads/logopacks/retro-badges-logopack/,https://fmslovakia.com/downloads/kitpacks/fc12-season-2025-26/
188,Fiorentina,Away,64.99,Serie A,Kappa,fiorentina.png,fiorentina_2.png,,https://fmslovakia.com/downloads/logopacks/retro-badges-logopack/,https://fmslovakia.com/downloads/kitpacks/fc12-season-2025-26/
189,Genoa,Home,75,Serie A,Kappa,genoa.png,genoa_1.png,,https://fmslovakia.com/downloads/logopacks/retro-badges-logopack/,https://fmslovakia.com/downloads/kitpacks/fc12-season-2025-26/
190,Genoa,Away,69.99,Serie A,Kappa,genoa.png,genoa_2.png,,https://fmslovakia.com/downloads/logopacks/retro-badges-logopack/,https://fmslovakia.com/downloads/kitpacks/fc12-season-2025-26/
191,Hellas Verona,Home,69.99,Serie A,Joma,hellas_verona.png,hellas_1.png,,https://fmslovakia.com/downloads/logopacks/retro-badges-logopack/,https://fmslovakia.com/downloads/kitpacks/fc12-season-2025-26/
192,Hellas Verona,Away,64.99,Serie A,Joma,hellas_verona.png,hellas_2.png,,https://fmslovakia.com/downloads/logopacks/retro-badges-logopack/,https://fmslovakia.com/downloads/kitpacks/fc12-season-2025-26/
193,Internazionale,Home,100,Serie A,Nike,inter.png,inter_1.png,,https://fmslovakia.com/downloads/logopacks/retro-badges-logopack/,https://fmslovakia.com/downloads/kitpacks/fc12-season-2025-26/
194,Internazionale,Away,89.99,Serie A,Nike,inter.png,inter_2.png,,https://fmslovakia.com/downloads/logopacks/retro-badges-logopack/,https://fmslovakia.com/downloads/kitpacks/fc12-season-2025-26/
195,Juventus,Home,100,Serie A,Adidas,juventus.png,juventus_1.png,,https://fmslovakia.com/downloads/logopacks/retro-badges-logopack/,https://fmslovakia.com/downloads/kitpacks/fc12-season-2025-26/
196,Juventus,Away,89.99,Serie A,Adidas,juventus.png,juventus_2.png,,https://fmslovakia.com/downloads/logopacks/retro-badges-logopack/,https://fmslovakia.com/downloads/kitpacks/fc12-season-2025-26/
197,Lazio,Home,94.99,Serie A,Mizuno,lazio.png,lazio_1.png,,https://fmslovakia.com/downloads/logopacks/retro-badges-logopack/,https://fmslovakia.com/downloads/kitpacks/fc12-season-2025-26/
198,Lazio,Away,80,Serie A,Mizuno,lazio.png,lazio_2.png,,https://fmslovakia.com/downloads/logopacks/retro-badges-logopack/,https://fmslovakia.com/downloads/kitpacks/fc12-season-2025-26/
199,Leece,Home,75,Serie A,M908,lecce.png,lecce_1.png,,https://fmslovakia.com/downloads/logopacks/retro-badges-logopack/,https://fmslovakia.com/downloads/kitpacks/fc12-season-2025-26/
200,Leece,Away,69.99,Serie A,M908,lecce.png,lecce_2.png,,https://fmslovakia.com/downloads/logopacks/retro-badges-logopack/,https://fmslovakia.com/downloads/kitpacks/fc12-season-2025-26/
201,Napoli,Home,100,Serie A,EA7,napoli.png,napoli_1.png,,https://fmslovakia.com/downloads/logopacks/retro-badges-logopack/,https://fmslovakia.com/downloads/kitpacks/fc12-season-2025-26/
202,Napoli,Away,89.99,Serie A,EA7,napoli.png,napoli_2.png,,https://fmslovakia.com/downloads/logopacks/retro-badges-logopack/,https://fmslovakia.com/downloads/kitpacks/fc12-season-2025-26/
203,Parma,Home,75,Serie A,Puma,parma.png,parma_1.png,,https://fmslovakia.com/downloads/logopacks/retro-badges-logopack/,https://fmslovakia.com/downloads/kitpacks/fc12-season-2025-26/
204,Parma,Away,69.99,Serie A,Puma,parma.png,parma_2.png,,https://fmslovakia.com/downloads/logopacks/retro-badges-logopack/,https://fmslovakia.com/downloads/kitpacks/fc12-season-2025-26/
205,Pisa,Home,64.99,Serie A,Adidas,pisa.png,pisa_1.png,,https://fmslovakia.com/downloads/logopacks/retro-badges-logopack/,https://fmslovakia.com/downloads/kitpacks/fc12-season-2025-26/
206,Pisa,Away,60,Serie A,Adidas,pisa.png,pisa_2.png,,https://fmslovakia.com/downloads/logopacks/retro-badges-logopack/,https://fmslovakia.com/downloads/kitpacks/fc12-season-2025-26/
207,Sassuolo,Home,69.99,Serie A,Puma,sassuolo.png,sassuolo_1.png,,https://fmslovakia.com/downloads/logopacks/retro-badges-logopack/,https://fmslovakia.com/downloads/kitpacks/fc12-season-2025-26/
208,Sassuolo,Away,64.99,Serie A,Puma,sassuolo.png,sassuolo_2.png,,https://fmslovakia.com/downloads/logopacks/retro-badges-logopack/,https://fmslovakia.com/downloads/kitpacks/fc12-season-2025-26/
209,Torino,Home,75,Serie A,Joma,torino.png,torino_1.png,,https://fmslovakia.com/downloads/logopacks/retro-badges-logopack/,https://fmslovakia.com/downloads/kitpacks/fc12-season-2025-26/
210,Torino,Away,69.99,Serie A,Joma,torino.png,torino_2.png,,https://fmslovakia.com/downloads/logopacks/retro-badges-logopack/,https://fmslovakia.com/downloads/kitpacks/fc12-season-2025-26/
211,Udinese,Home,75,Serie A,Macron,udinese.png,udinese_1.png,,https://fmslovakia.com/downloads/logopacks/retro-badges-logopack/,https://fmslovakia.com/downloads/kitpacks/fc12-season-2025-26/
212,Udinese,Away,69.99,Serie A,Macron,udinese.png,udinese_2.png,,https://fmslovakia.com/downloads/logopacks/retro-badges-logopack/,https://fmslovakia.com/downloads/kitpacks/fc12-season-2025-26/
213,Ireland,Home,105,International,Castore,ireland.png,ireland_1.png,,https://fmslovakia.com/downloads/logopacks/retro-badges-logopack/,https://fmslovakia.com/downloads/kitpacks/fc12-season-2025-26/
214,Ireland,Away,100,International,Castore,ireland.png,ireland_2.png,,https://fmslovakia.com/downloads/logopacks/retro-badges-logopack/,https://fmslovakia.com/downloads/kitpacks/fc12-season-2025-26/
215,England,Home,110,International,Nike,england.png,england_1.png,,https://fmslovakia.com/downloads/logopacks/retro-badges-logopack/,https://fmslovakia.com/downloads/kitpacks/fc12-season-2025-26/
216,England,Away,,International,Nike,england.png,england_2.png,,https://fmslovakia.com/downloads/logopacks/retro-badges-logopack/,https://fmslovakia.com/downloads/kitpacks/fc12-season-2025-26/
217,Scotland,Home,100,International,Adidas,scotland.png,scotland_1.png,,https://fmslovakia.com/downloads/logopacks/retro-badges-logopack/,https://fmslovakia.com/downloads/kitpacks/fc12-season-2025-26/
218,Scotland,Away,,International,Adidas,scotland.png,scotland_2.png,,https://fmslovakia.com/downloads/logopacks/retro-badges-logopack/,https://fmslovakia.com/downloads/kitpacks/fc12-season-2025-26/
219,Wales,Home,100,International,Adidas,wales.png,wales_1.png,,https://fmslovakia.com/downloads/logopacks/retro-badges-logopack/,https://fmslovakia.com/downloads/kitpacks/fc12-season-2025-26/
220,Wales,Away,,International,Adidas,wales.png,wales_2.png,,https://fmslovakia.com/downloads/logopacks/retro-badges-logopack/,https://fmslovakia.com/downloads/kitpacks/fc12-season-2025-26/
221,France,Home,110,International,Nike,france.png,france_1.png,,https://fmslovakia.com/downloads/logopacks/retro-badges-logopack/,https://fmslovakia.com/downloads/kitpacks/fc12-season-2025-26/
222,France,Away,,International,Nike,france.png,france_2.png,,https://fmslovakia.com/downloads/logopacks/retro-badges-logopack/,https://fmslovakia.com/downloads/kitpacks/fc12-season-2025-26/
223,Spain,Home,110,International,Adidas,spain.png,spain_1.png,,https://fmslovakia.com/downloads/logopacks/retro-badges-logopack/,https://fmslovakia.com/downloads/kitpacks/fc12-season-2025-26/
224,Spain,Away,,International,Adidas,spain.png,spain_2.png,,https://fmslovakia.com/downloads/logopacks/retro-badges-logopack/,https://fmslovakia.com/downloads/kitpacks/fc12-season-2025-26/
225,Germany,Home,110,International,Adidas,germany.png,germany_1.png,,https://fmslovakia.com/downloads/logopacks/retro-badges-logopack/,https://fmslovakia.com/downloads/kitpacks/fc12-season-2025-26/
226,Germany,Away,,International,Adidas,germany.png,germany_2.png,,https://fmslovakia.com/downloads/logopacks/retro-badges-logopack/,https://fmslovakia.com/downloads/kitpacks/fc12-season-2025-26/
227,Italy,Home,110,International,Adidas,italy.png,italy_1.png,,https://fmslovakia.com/downloads/logopacks/retro-badges-logopack/,https://fmslovakia.com/downloads/kitpacks/fc12-season-2025-26/
228,Italy,Away,,International,Adidas,italy.png,italy_2.png,,https://fmslovakia.com/downloads/logopacks/retro-badges-logopack/,https://fmslovakia.com/downloads/kitpacks/fc12-season-2025-26/
229,USA,Home,95,International,Nike,usa.png,usa_1.png,,https://fmslovakia.com/downloads/logopacks/retro-badges-logopack/,https://fmslovakia.com/downloads/kitpacks/fc12-season-2025-26/
230,USA,Away,,International,Nike,usa.png,usa_2.png,,https://fmslovakia.com/downloads/logopacks/retro-badges-logopack/,https://fmslovakia.com/downloads/kitpacks/fc12-season-2025-26/
231,Brazil,Home,110,International,Nike,brazil.png,brazil_1.png,,https://fmslovakia.com/downloads/logopacks/retro-badges-logopack/,https://fmslovakia.com/downloads/kitpacks/fc12-season-2025-26/
232,Brazil,Away,100,International,Nike,brazil.png,brazil_2.png,,https://fmslovakia.com/downloads/logopacks/retro-badges-logopack/,https://fmslovakia.com/downloads/kitpacks/fc12-season-2025-26/
233,Argentina,Home,115,International,Adidas,argentina.png,argentina_1.png,,https://fmslovakia.com/downloads/logopacks/retro-badges-logopack/,https://fmslovakia.com/downloads/kitpacks/fc12-season-2025-26/
234,Argentina,Away,100,International,Adidas,argentina.png,argentina_2.png,,https://fmslovakia.com/downloads/logopacks/retro-badges-logopack/,https://fmslovakia.com/downloads/kitpacks/fc12-season-2025-26/
235,Australia,Home,90,International,Nike,australia.png,australia_1.png,,https://fmslovakia.com/downloads/logopacks/retro-badges-logopack/,https://fmslovakia.com/downloads/kitpacks/fc12-season-2025-26/
236,Australia,Away,90,International,Nike,australia.png,australia_2.png,,https://fmslovakia.com/downloads/logopacks/retro-badges-logopack/,https://fmslovakia.com/downloads/kitpacks/fc12-season-2025-26/
237,World Cup 2026,,34.99,Ball,Adidas,world_cup.png,world_cup_ball.png,,https://en.wikipedia.org/wiki/2026_FIFA_World_Cup#/media/File:2026_FIFA_World_Cup_emblem.svg ,https://m.media-amazon.com/images/I/71FYdVCqWeL._AC_SX522_.jpg 
238,Premier League 25/26,,23,Ball,Puma,premier_league1.png,premier_league_ball.png,,https://logowik.com/content/uploads/images/premier-league3330.jpg ,https://m.media-amazon.com/images/I/71Zss+yfl5L._AC_SY879_.jpg 
239,La Liga 25/26,,23,Ball,Puma,la_liga1.png,la_liga_ball.png,,https://logos-world.net/download-image/ ,https://www.decathlon.ie/p/372757-406579-football-la-liga-orbita-25-26-size-5.html 
240,Serie A 25/26,,20,Ball,Puma,serie_a1.png,serie_a_ball.png,,https://logos-world.net/download-image/ ,https://www.decathlon.ie/p/373155-406653-football-orbita-serie-a-25-26-size-5.html 
241,Ligue 1 25/26,,20,Ball,Kipsta,ligue_1_1.png,ligue_1_ball.png,,https://logos-world.net/wp-content/uploads/2024/06/Ligue-1-Logo-New.png ,https://www.decathlon.ie/p/349570-404604-replica-ball-ligue-1-mcdonald-s-25-26-size-5-fifa-quality-pro.html 
242,Bundesliga 25/26,,20,Ball,Derbystar,bundesliga1.png,bundesliga_ball.png,,https://b04-ep-media-prod.azureedge.net/pickerimages/bl_logo_RGB_white_background_600735_XL.png ,https://cdn02.plentymarkets.com/zkz64ybyye6y/item/images/4690/full/xxxx-Derbystar-Matchball-26-I.jpg.avif 
243,Champions League 25/26,,31.95,Ball,Adidas,champions_league1.png,champions_league_ball.png,,https://logos-world.net/download-image/ ,https://www.zalando.ie/adidas-performance-ucl-pro-football-whitedark-bluepantonegold-met-ad544e2y3-a11.html?ssku=AD544E2Y3-A110005000&lang=en&otid=default&wmc=SEM353_NB_GO._9357456472_1445614984_55809549065.&opc=2211&mpp=google|v1||pla-293946777986||1007846||g|c||276544571906||pla|AD544E2Y3-A110005000|293946777986|1|&gad_campaignid=1445614984 
244,Europa League 25/26,,24,Ball,Kipsta,europa_league1.png,europa_league_ball.png,,https://logos-world.net/download-image/ ,https://www.decathlon.ie/p/359399-390851-uefa-europa-league-25-26-official-ball-size-5-sold-with-box.html?gad_campaignid=20969424388 
245,League of Ireland 25/26,,19.99,Ball,Umbro,league_ireland1.png,league_ireland_ball.png,,https://www.reddit.com/media?url=https%3A%2F%2Fi.redd.it%2Fopinions-on-the-new-league-of-ireland-logo-v0-hwmpctb7bo4a1.png%3Fwidth%3D400%26format%3Dpng%26auto%3Dwebp%26s%3D1d38c18321e796ff63cce9c43a9f181138441b10 ,https://www.elverys.ie/cdn/shop/files/C1-1169497-636Wx636H.jpg?v=1763572016&width=800 
246,Tango Glider,,14,Ball,Adidas,adidas_logo.png,tangoGlider.png,,https://logos-world.net/adidas-logo/ ,https://crippsfootwear.ie/cdn/shop/products/S12241_grande.jpg?v=1707495541 
247,Total 90,,18,Ball,Nike,nike_logo.png,total90.png,,https://freebiesupply.com/logos/nike-logo/ ,https://intersport.com.au/cdn/shop/files/AURORA_IH7531-710_PHSFZ001-2000.jpg?v=1752622336&width=646 
248,Academy,,14.99,Ball,Forza,forza_logo.png,academyBall.png,,"https://m.media-amazon.com/images/S/aplus-seller-content-images-us-east-1/ATVPDKIKX0DER/A2P7IDI65XCJO/8ded6048-83f1-4079-841a-9c748c9448f8._CR0,0,600,180_PT0_SX600__.png ",https://nwscdn.com/media/catalog/product/cache/h900xw900/a/c/academyfootball-bluewhite-size5-main.jpg 
249,Tiro,,15.83,.,Adidas,adidas_logo.png,tiro.png,,https://logos-world.net/adidas-logo/ ,https://m.media-amazon.com/images/I/7184XcFLHjL._AC_SL1500_.jpg 
250,Club,,8.99,Shin Pads,Forza,forza_logo.png,club.png,,"https://m.media-amazon.com/images/S/aplus-seller-content-images-us-east-1/ATVPDKIKX0DER/A2P7IDI65XCJO/8ded6048-83f1-4079-841a-9c748c9448f8._CR0,0,600,180_PT0_SX600__.png ",https://www.networldsports.ie/club-shin-guards-with-ankle-protectors.html 
251,Shadow,,7.5,Shin Pads,Under Armour,under_armour_logo.png,shadow.png,,https://www.logo.wine/logo/Under_Armour ,https://www.underarmour.ie/en-ie/p/equipment/ua_shadow_pro/1380994.html?dwvar_1380994_size=S&dwvar_1380994_color=001 
252,Academy,,13,Shin Pads,Nike,nike_logo.png,academy.png,,https://freebiesupply.com/logos/nike-logo/ ,https://ie.sportsdirect.com/nike-academy-shin-guard-818014?partnerize-clickref=1101lC8xdbtk#colcode=81801430 
253,Charge,,25,Shin Pads,Nike,nike_logo.png,charge.png,,https://freebiesupply.com/logos/nike-logo/ ,https://static.nike.com/a/images/t_web_pdp_535_v2/f_auto/e5a2f59f-0a20-4967-b757-f56577f99778/NK+CHRG+GRD.png 
254,King,,7.5,Shin Pads,Puma,puma_logo.png,king.png,,https://logos-world.net/download-image/ ,"https://images.puma.com/image/upload/f_auto,q_auto,b_rgb:fafafa,w_550,h_550/global/030932/01/fnd/EEA/fmt/png/KING-Inner-Shell-Ankle-Shinguard-Unisex "
255,Future,,100,Gloves,Puma,puma_logo.png,pumaFuture.png,,https://logos-world.net/download-image/ ,https://eu.puma.com/ie/en/pd/future-ultimate-nc-football-goalkeeper-gloves/4069157865685.html?gad_campaignid=21789610034 
256,Vapor Grip 3,,40,Gloves,Nike,nike_logo.png,vaporGrip3.png,,https://freebiesupply.com/logos/nike-logo/ ,https://www.prodirectsport.ie/p/nike-gk-vapor-grip-3-black-white-metallic-gold-coin-mens-gk-gloves-1008432/?gad_campaignid=22294305265 
257,Phantom,,60,Gloves,Nike,nike_logo.png,phantom.png,,https://freebiesupply.com/logos/nike-logo/ ,https://www.prodirectsport.ie/p/nike-phantom-dynamic-fit-gk-gloves-racer-blue-black-pink-blast-mens-gk-gloves-1043464/?gad_campaignid=22294305265 
258,Predator Pro,,50,Gloves,Adidas,adidas_logo.png,predatorpro.png,,https://logos-world.net/adidas-logo/ ,https://www.prodirectsport.ie/p/adidas-predator-pro-gk-gloves-lucid-lemon-white-black-mens-gk-gloves-1036541/?gad_campaignid=22294305265 
259,Copa Pro,,45,Gloves,Adidas,adidas_logo.png,copaPro.png,,https://logos-world.net/adidas-logo/ ,https://www.prodirectsport.ie/p/adidas-copa-pro-gk-gloves-blue-fusion-halo-blue-lucid-lemon-mens-gk-gloves-1025822/?gad_campaignid=22294305265 
260,Lite,,13,Gloves,Forza,forza_logo.png,forzaLite.png,,"https://m.media-amazon.com/images/S/aplus-seller-content-images-us-east-1/ATVPDKIKX0DER/A2P7IDI65XCJO/8ded6048-83f1-4079-841a-9c748c9448f8._CR0,0,600,180_PT0_SX600__.png ",https://nwscdn.com/media/catalog/product/cache/h900xw900/g/a/gaagaelicgripglove-both_10.jpg 
261,8 x 4 Forza,,60,Goals,Forza,forza_logo.png,forza8x4.png,,"https://m.media-amazon.com/images/S/aplus-seller-content-images-us-east-1/ATVPDKIKX0DER/A2P7IDI65XCJO/8ded6048-83f1-4079-841a-9c748c9448f8._CR0,0,600,180_PT0_SX600__.png ",https://nwscdn.com/media/catalog/product/cache/h900xw900/f/o/forza-pvc-8x4-goal-dims-_ftm__1_6.jpg 
262,12 x 6 Forza,,140,Goals,Forza,forza_logo.png,forza12x6.png,,"https://m.media-amazon.com/images/S/aplus-seller-content-images-us-east-1/ATVPDKIKX0DER/A2P7IDI65XCJO/8ded6048-83f1-4079-841a-9c748c9448f8._CR0,0,600,180_PT0_SX600__.png ",https://nwscdn.com/media/catalog/product/cache/h900xw900/f/o/forza-pvc-12x6-goal-dims-_ftm__1.jpg 
263,16 x 7 Forza,,199.99,Goals,Forza,forza_logo.png,forza16x7.png,,"https://m.media-amazon.com/images/S/aplus-seller-content-images-us-east-1/ATVPDKIKX0DER/A2P7IDI65XCJO/8ded6048-83f1-4079-841a-9c748c9448f8._CR0,0,600,180_PT0_SX600__.png ",https://nwscdn.com/media/catalog/product/cache/h900xw900/p/v/pvc-match-16x7.jpg 
264,12 x 6 Samba,,259,Goals,Hit Sport,hit_sport_logo.png,samba12x6.png,,https://encrypted-tbn0.gstatic.com/images?q=tbn:ANd9GcTXBGrLyfm7JIjyDTgbbgd966WhuHdx4S2BXw&s ,https://www.mcsport.ie/cdn/shop/products/G03MATCH___XL_800x.jpg?v=1600181366
265,8 x 5 Samba,,165,Goals,Hit Sport,hit_sport_logo.png,samba8x5.png,,https://encrypted-tbn0.gstatic.com/images?q=tbn:ANd9GcTXBGrLyfm7JIjyDTgbbgd966WhuHdx4S2BXw&s ,https://www.mcsport.ie/cdn/shop/files/Samba-Match-Goal-Post-with-Locking-System-8ft-x-4ft_800x.jpg?v=1687361137 
266,Hit 6 x 4,,99,Goals,Hit Sport,hit_sport_logo.png,hit6x4.png,,https://encrypted-tbn0.gstatic.com/images?q=tbn:ANd9GcTXBGrLyfm7JIjyDTgbbgd966WhuHdx4S2BXw&s ,https://www.mcsport.ie/cdn/shop/files/MCSF183_800x@2x.png?v=1743595369
